Kd,system,name,sequence,mean_peptide_pnE,3d affinity,2d affinity,mean_peptide_pnE/L,-log10(Kd),study,ProteinMPNN_-log(p_pep),ProteinMPNN_-log(p_global)
4.93,NY-ESO-1,NYE 9V,SLLMWITQV,56.012344,,,6.22359381781684,-0.69284691927723,pettmann_et_al,-2.3173554,-1.5389569
6.28,NY-ESO-1,NYE 3A,SLAMWITQV,61.969746,,,6.88552729288737,-0.7979596437371961,pettmann_et_al,-2.3089957,-1.5390067
22.8,NY-ESO-1,NYE 6V,SLLMWVTQV,57.113346,,,6.345927344428168,-1.3579348470004535,pettmann_et_al,-2.2908008,-1.538667
47.3,NY-ESO-1,NYE 3Y,SLYMWITQV,54.412296,,,6.045810699462891,-1.6748611407378116,pettmann_et_al,-2.4572666,-1.540509
140.0,NY-ESO-1,NYE 4D,SLLDWITQV,52.74968,,,5.861075507269965,-2.146128035678238,pettmann_et_al,-1.7374998,-1.5321637
162.0,NY-ESO-1,NYE 6T,SLLMWTTQV,54.189926,,,6.0211029052734375,-2.2095150145426308,pettmann_et_al,-2.3257363,-1.538995
299.0,NY-ESO-1,NYE 4A,SLLAWITQV,54.844727,,,6.093858506944445,-2.4756711883244296,pettmann_et_al,-2.1882424,-1.5379286
433.0,NY-ESO-1,NYE 5Y,SLLMYITQV,45.903324,,,5.100369347466363,-2.6364878963533656,pettmann_et_a,-2.387045,-1.5391247
1309.0,NY-ESO-1,NYE 5F,SLLMFITQV,44.40164,,,4.93351576063368,-3.116939646550756,pettmann_et_al,-2.6710212,-1.5425419
14.0,NY-ESO-1,,SLLMWITQC,54.831074,,,6.092341528998481,-1.146128035678238,aleksic_et_al,-2.5222673,-1.5406572
56.0,NY-ESO-1,,SLLMWITQL,52.94404,,,5.8826709323459205,-1.7481880270062005,aleksic_et_al,-2.0962553,-1.5365623
7.2,NY-ESO-1,,SLLMWITQV,56.012344,,,6.22359381781684,-0.8573324964312685,aleksic_et_al,-2.3173554,-1.5389569
6.6,NY-ESO-1,,SLAMWITQV,61.969746,,,6.88552729288737,-0.8195439355418687,aleksic_et_al,-2.3089957,-1.5390067
17.0,NY-ESO-1,,SLIMWITQV,54.248764,,,6.027640448676215,-1.230448921378274,aleksic_et_al,-2.2934654,-1.5388867
9.2,NY-ESO-1,,SLMMWITQV,55.72709,,,6.191898769802517,-0.9637878273455552,aleksic_et_al,-2.3504703,-1.5387002
30.0,NY-ESO-1,,SLYMWITQV,54.412296,,,6.045810699462891,-1.4771212547196624,aleksic_et_al,-2.4572666,-1.540509
252.0,NY-ESO-1,,SLLDWITQV,52.74968,,,5.861075507269965,-2.401400540781544,aleksic_et_al,-1.7374998,-1.5321637
18.0,NY-ESO-1,,SLLMWVTQV,57.113346,,,6.345927344428168,-1.255272505103306,aleksic_et_al,-2.2908008,-1.538667
101.0,NY-ESO-1,,SLLMWTTQV,54.189926,,,6.0211029052734375,-2.004321373782642,aleksic_et_al,-2.3257363,-1.538995
100.0,NY-ESO-1,,SLLMWIHQV,56.907417,,,6.323046366373698,-2.0,aleksic_et_al,-2.6194346,-1.5418456
