Kd,system,name,sequence,mean_peptide_pnE,3d affinity,2d affinity,mean_peptide_pnE/L,-log10(Kd),study,ProteinMPNN,ProteinMPNN_-log(p_pep),ProteinMPNN_-log(p_global)
1.66,Tax,Tax WT,LLFGYPVYV,64.67097,,,7.185663011338976,-0.220108088040055,pettmann_et_al,-1.5800595,-1.5800595,-1.7460234
2.67,Tax,Tax 5F,LLFGFPVYV,63.88422,,,7.098246680365668,-0.4265112613645752,pettmann_et_al,-1.6547543,-1.6547543,-1.7470134
2.8,Tax,Tax 7T,LLFGYPTYV,61.75168,,,6.861297607421875,-0.4471580313422192,pettmann_et_al,-1.7388468,-1.7388468,-1.7465918
5.0,Tax,Tax 5W,LLFGWPVYV,62.43922,,,6.937691158718533,-0.6989700043360189,pettmann_et_al,-1.5036957,-1.5036957,-1.744949
6.1,Tax,Tax 1M,MLFGYPVYV,66.07243,,,7.341381496853298,-0.785329835010767,pettmann_et_al,-1.2599208,-1.2599208,-1.7426345
6.5,Tax,Tax 1A,ALFGYPVYV,66.563614,,,7.39595709906684,-0.8129133566428556,pettmann_et_al,-1.5771583,-1.5771583,-1.7456648
7.97,Tax,Tax 1V,VLFGYPVYV,62.95959,,,6.995510101318359,-0.9014583213961124,pettmann_et_al,-1.7029957,-1.7029957,-1.7474849
21.1,Tax,Tax 6V,LLFGYVVYV,62.33574,,,6.926193237304688,-1.3242824552976926,pettmann_et_al,-2.09756,-2.09756,-1.7520072
21.4,Tax,Tax 7R,LLFGYPRYV,65.40112,,,7.266791449652778,-1.3304137733491908,pettmann_et_al,-1.7872727,-1.7872727,-1.7487769
56.1,Tax,Tax 5H,LLFGHPVYV,61.293575,,,6.810397254096137,-1.7489628612561614,pettmann_et_al,-1.6576936,-1.6576936,-1.7466569
60.0,Tax,Tax 8F,LLFGYPVFV,62.893204,,,6.988133748372396,-1.7781512503836436,pettmann_et_al,-1.7103302,-1.7103302,-1.7480603
67.8,Tax,Tax 7H,LLFGYPHYV,62.20428,,,6.911586761474609,-1.831229693867064,pettmann_et_al,-1.8891472,-1.8891472,-1.7489846
118.0,Tax,Tax 4A,LLFAYPVYV,57.958344,,,6.439815945095486,-2.071882007306125,pettmann_et_al,-2.1327794,-2.1327794,-1.7525073
565.0,Tax,Tax 8A,LLFGYPVAV,62.68651,,,6.965167575412327,-2.7520484478194387,pettmann_et_al,-1.6086982,-1.6086982,-1.746072
1869.0,Tax,Tax 4A8A,LLFAYPVAV,54.770382,,,6.085597991943359,-3.271609301378832,pettmann_et_al,-2.1571815,-2.1571815,-1.7524762
2321.0,Tax,Tax 5H8A,LLFGHPVAV,59.239586,,,6.582176208496094,-3.365675140455917,pettmann_et_al,-1.6885059,-1.6885059,-1.7476459
